{"stats":{"minecraft:used":{"minecraft:netherite_sword":10},"minecraft:dropped":{"minecraft:wheat_seeds":1},"minecraft:picked_up":{"minecraft:wheat_seeds":2},"minecraft:mined":{"minecraft:short_grass":1},"minecraft:custom":{"minecraft:jump":18,"minecraft:time_since_rest":1494,"minecraft:deaths":1,"minecraft:damage_dealt":675,"minecraft:walk_on_water_one_cm":1322,"minecraft:leave_game":2,"minecraft:play_time":3925,"minecraft:sprint_one_cm":1320,"minecraft:time_since_death":1465,"minecraft:walk_one_cm":1323,"minecraft:sneak_time":163,"minecraft:total_world_time":3925,"minecraft:walk_under_water_one_cm":396,"minecraft:fall_one_cm":209,"minecraft:drop":1,"minecraft:fly_one_cm":80506,"minecraft:player_kills":3}},"DataVersion":3700}