{"stats":{"minecraft:killed_by":{"minecraft:player":3},"minecraft:picked_up":{"minecraft:wheat_seeds":1,"minecraft:netherite_sword":1},"minecraft:custom":{"minecraft:jump":91,"minecraft:time_since_rest":1766,"minecraft:leave_game":1,"minecraft:walk_on_water_one_cm":71,"minecraft:crouch_one_cm":1046,"minecraft:deaths":3,"minecraft:sprint_one_cm":5815,"minecraft:play_time":3445,"minecraft:damage_taken":795,"minecraft:time_since_death":1739,"minecraft:walk_one_cm":2533,"minecraft:sneak_time":369,"minecraft:total_world_time":3445,"minecraft:walk_under_water_one_cm":194,"minecraft:fall_one_cm":6132,"minecraft:fly_one_cm":110142}},"DataVersion":3700}